Url,Anchor Text,External
https://dataverse.harvard.edu/dataset.xhtml?persistentId=doi:10.7910/DVN/LZSR8O#content,Skip to main content,FALSE
https://dataverse.harvard.edu/,,FALSE
https://dataverse.harvard.edu/dataset.xhtml?persistentId=doi:10.7910/DVN/LZSR8O#,Add Data,FALSE
https://dataverse.harvard.edu/dataset.xhtml?ownerId=1,New Dataset,FALSE
https://dataverse.harvard.edu/dataset.xhtml?persistentId=doi:10.7910/DVN/LZSR8O#,Search,FALSE
https://support.dataverse.harvard.edu/,About,TRUE
https://guides.dataverse.org/en/6.2/user,User Guide,TRUE
https://dataverse.harvard.edu/dataset.xhtml?persistentId=doi:10.7910/DVN/LZSR8O#,Support,FALSE
https://dataverse.harvard.edu/dataverseuser.xhtml?editMode=CREATE&redirectPage=%2Fdataset.xhtml%3FpersistentId%3Ddoi%3A10.7910%2FDVN%2FLZSR8O,Sign Up,FALSE
https://dataverse.harvard.edu/loginpage.xhtml?redirectPage=%2Fdataset.xhtml%3FpersistentId%3Ddoi%3A10.7910%2FDVN%2FLZSR8O,Log In,FALSE
https://dataverse.harvard.edu/dataverse/cardiacmr,Cardiac MR Center Dataverse,FALSE
https://dataverse.harvard.edu/dataverse/harvard,Harvard Dataverse,FALSE
https://dataverse.harvard.edu/dataverse/cardiacmr,Cardiac MR Center Dataverse,FALSE
https://doi.org/10.7910/DVN/LZSR8O,https://doi.org/10.7910/DVN/LZSR8O,TRUE
https://dataverse.harvard.edu/dataset.xhtml?persistentId=doi:10.7910/DVN/LZSR8O#,EndNote XML,FALSE
https://dataverse.harvard.edu/dataset.xhtml?persistentId=doi:10.7910/DVN/LZSR8O#,RIS,FALSE
https://dataverse.harvard.edu/dataset.xhtml?persistentId=doi:10.7910/DVN/LZSR8O#,BibTeX,FALSE
https://dataverse.org/best-practices/data-citation,Data Citation Standards,TRUE
https://dataverse.harvard.edu/dataset.xhtml?persistentId=doi:10.7910/DVN/LZSR8O#,Binder,FALSE
https://dataverse.harvard.edu/dataset.xhtml?persistentId=doi:10.7910/DVN/LZSR8O#,Contact Owner,FALSE
https://dataverse.harvard.edu/dataset.xhtml?persistentId=doi:10.7910/DVN/LZSR8O#,Share,FALSE
http://creativecommons.org/publicdomain/zero/1.0,CC0 1.0,TRUE
https://dataverse.harvard.edu/dataset.xhtml?persistentId=doi:10.7910/DVN/LZSR8O#datasetForm:tabView:dataFilesTab,Files,FALSE
https://dataverse.harvard.edu/dataset.xhtml?persistentId=doi:10.7910/DVN/LZSR8O#datasetForm:tabView:metadataMapTab,Metadata,FALSE
https://dataverse.harvard.edu/dataset.xhtml?persistentId=doi:10.7910/DVN/LZSR8O#datasetForm:tabView:termsTab,Terms,FALSE
https://dataverse.harvard.edu/dataset.xhtml?persistentId=doi:10.7910/DVN/LZSR8O#datasetForm:tabView:versionsTab,Versions,FALSE
https://dataverse.harvard.edu/dataset.xhtml?persistentId=doi:10.7910/DVN/LZSR8O#,,FALSE
https://dataverse.harvard.edu/dataset.xhtml?persistentId=doi%3A10.7910%2FDVN%2FLZSR8O&version=&q=&fileAccess=&fileTag=&fileSortField=&fileSortOrder=&tagPresort=false&folderPresort=true,All,FALSE
https://dataverse.harvard.edu/dataset.xhtml?persistentId=doi%3A10.7910%2FDVN%2FLZSR8O&version=&q=&fileTypeGroupFacet=%22Data%22&fileAccess=&fileTag=&fileSortField=&fileSortOrder=&tagPresort=false&folderPresort=true,Data (23),FALSE
https://dataverse.harvard.edu/dataset.xhtml?persistentId=doi%3A10.7910%2FDVN%2FLZSR8O&version=&q=&fileTypeGroupFacet=%22Video%22&fileAccess=&fileTag=&fileSortField=&fileSortOrder=&tagPresort=false&folderPresort=true,Video (23),FALSE
https://dataverse.harvard.edu/dataset.xhtml?persistentId=doi%3A10.7910%2FDVN%2FLZSR8O&version=&q=&fileTypeGroupFacet=&fileTag=&fileSortField=&fileSortOrder=&tagPresort=false&folderPresort=true,All,FALSE
https://dataverse.harvard.edu/dataset.xhtml?persistentId=doi%3A10.7910%2FDVN%2FLZSR8O&version=&q=&fileTypeGroupFacet=&fileAccess=Public&fileTag=&fileSortField=&fileSortOrder=&tagPresort=false&folderPresort=true,Public (46),FALSE
https://dataverse.harvard.edu/dataset.xhtml?persistentId=doi%3A10.7910%2FDVN%2FLZSR8O&version=&q=&fileTypeGroupFacet=&fileAccess=&tagPresort=false&folderPresort=true,Name (A-Z),FALSE
https://dataverse.harvard.edu/dataset.xhtml?persistentId=doi%3A10.7910%2FDVN%2FLZSR8O&version=&q=&fileTypeGroupFacet=&fileAccess=&fileSortField=name&fileSortOrder=desc&tagPresort=false&folderPresort=true,Name (Z-A),FALSE
https://dataverse.harvard.edu/dataset.xhtml?persistentId=doi%3A10.7910%2FDVN%2FLZSR8O&version=&q=&fileTypeGroupFacet=&fileAccess=&fileSortField=date&tagPresort=false,Newest,FALSE
https://dataverse.harvard.edu/dataset.xhtml?persistentId=doi%3A10.7910%2FDVN%2FLZSR8O&version=&q=&fileTypeGroupFacet=&fileAccess=&fileSortField=date&fileSortOrder=desc&tagPresort=false,Oldest,FALSE
https://dataverse.harvard.edu/dataset.xhtml?persistentId=doi%3A10.7910%2FDVN%2FLZSR8O&version=&q=&fileTypeGroupFacet=&fileAccess=&fileSortField=size&tagPresort=false,Size,FALSE
https://dataverse.harvard.edu/dataset.xhtml?persistentId=doi%3A10.7910%2FDVN%2FLZSR8O&version=&q=&fileTypeGroupFacet=&fileAccess=&fileSortField=type&tagPresort=false,Type,FALSE
https://dataverse.harvard.edu/dataset.xhtml?persistentId=doi:10.7910/DVN/LZSR8O#,Download,FALSE
https://dataverse.harvard.edu/file.xhtml?fileId=4095042&version=1.0,healthy1.mat,FALSE
https://dataverse.harvard.edu/dataset.xhtml?persistentId=doi:10.7910/DVN/LZSR8O#,MATLAB Data,FALSE
https://dataverse.harvard.edu/dataset.xhtml?persistentId=doi:10.7910/DVN/LZSR8O#,EndNote XML,FALSE
https://dataverse.harvard.edu/dataset.xhtml?persistentId=doi:10.7910/DVN/LZSR8O#,RIS,FALSE
https://dataverse.harvard.edu/dataset.xhtml?persistentId=doi:10.7910/DVN/LZSR8O#,BibTeX,FALSE
https://dataverse.harvard.edu/file.xhtml?fileId=4095027&version=1.0,healthy10.mat,FALSE
https://dataverse.harvard.edu/dataset.xhtml?persistentId=doi:10.7910/DVN/LZSR8O#,MATLAB Data,FALSE
https://dataverse.harvard.edu/dataset.xhtml?persistentId=doi:10.7910/DVN/LZSR8O#,EndNote XML,FALSE
https://dataverse.harvard.edu/dataset.xhtml?persistentId=doi:10.7910/DVN/LZSR8O#,RIS,FALSE
https://dataverse.harvard.edu/dataset.xhtml?persistentId=doi:10.7910/DVN/LZSR8O#,BibTeX,FALSE
https://dataverse.harvard.edu/file.xhtml?fileId=4095322&version=1.0,healthy10_EVLWmap.mp4,FALSE
https://dataverse.harvard.edu/file.xhtml?fileId=4095322&version=1.0&toolType=PREVIEW,"Preview healthy10_EVLWmap.mp4""""",FALSE
https://dataverse.harvard.edu/dataset.xhtml?persistentId=doi:10.7910/DVN/LZSR8O#,MPEG-4 Video,FALSE
https://dataverse.harvard.edu/dataset.xhtml?persistentId=doi:10.7910/DVN/LZSR8O#,EndNote XML,FALSE
https://dataverse.harvard.edu/dataset.xhtml?persistentId=doi:10.7910/DVN/LZSR8O#,RIS,FALSE
https://dataverse.harvard.edu/dataset.xhtml?persistentId=doi:10.7910/DVN/LZSR8O#,BibTeX,FALSE
https://dataverse.harvard.edu/file.xhtml?fileId=4095031&version=1.0,healthy11.mat,FALSE
https://dataverse.harvard.edu/dataset.xhtml?persistentId=doi:10.7910/DVN/LZSR8O#,MATLAB Data,FALSE
https://dataverse.harvard.edu/dataset.xhtml?persistentId=doi:10.7910/DVN/LZSR8O#,EndNote XML,FALSE
https://dataverse.harvard.edu/dataset.xhtml?persistentId=doi:10.7910/DVN/LZSR8O#,RIS,FALSE
https://dataverse.harvard.edu/dataset.xhtml?persistentId=doi:10.7910/DVN/LZSR8O#,BibTeX,FALSE
https://dataverse.harvard.edu/file.xhtml?fileId=4095317&version=1.0,healthy11_EVLWmap.mp4,FALSE
https://dataverse.harvard.edu/file.xhtml?fileId=4095317&version=1.0&toolType=PREVIEW,"Preview healthy11_EVLWmap.mp4""""",FALSE
https://dataverse.harvard.edu/dataset.xhtml?persistentId=doi:10.7910/DVN/LZSR8O#,MPEG-4 Video,FALSE
https://dataverse.harvard.edu/dataset.xhtml?persistentId=doi:10.7910/DVN/LZSR8O#,EndNote XML,FALSE
https://dataverse.harvard.edu/dataset.xhtml?persistentId=doi:10.7910/DVN/LZSR8O#,RIS,FALSE
https://dataverse.harvard.edu/dataset.xhtml?persistentId=doi:10.7910/DVN/LZSR8O#,BibTeX,FALSE
https://dataverse.harvard.edu/file.xhtml?fileId=4095320&version=1.0,healthy1_EVLWmap.mp4,FALSE
https://dataverse.harvard.edu/file.xhtml?fileId=4095320&version=1.0&toolType=PREVIEW,"Preview healthy1_EVLWmap.mp4""""",FALSE
https://dataverse.harvard.edu/dataset.xhtml?persistentId=doi:10.7910/DVN/LZSR8O#,MPEG-4 Video,FALSE
https://dataverse.harvard.edu/dataset.xhtml?persistentId=doi:10.7910/DVN/LZSR8O#,EndNote XML,FALSE
https://dataverse.harvard.edu/dataset.xhtml?persistentId=doi:10.7910/DVN/LZSR8O#,RIS,FALSE
https://dataverse.harvard.edu/dataset.xhtml?persistentId=doi:10.7910/DVN/LZSR8O#,BibTeX,FALSE
https://dataverse.harvard.edu/file.xhtml?fileId=4095047&version=1.0,healthy2.mat,FALSE
https://dataverse.harvard.edu/dataset.xhtml?persistentId=doi:10.7910/DVN/LZSR8O#,MATLAB Data,FALSE
https://dataverse.harvard.edu/dataset.xhtml?persistentId=doi:10.7910/DVN/LZSR8O#,EndNote XML,FALSE
https://dataverse.harvard.edu/dataset.xhtml?persistentId=doi:10.7910/DVN/LZSR8O#,RIS,FALSE
https://dataverse.harvard.edu/dataset.xhtml?persistentId=doi:10.7910/DVN/LZSR8O#,BibTeX,FALSE
https://dataverse.harvard.edu/file.xhtml?fileId=4095313&version=1.0,healthy2_EVLWmap.mp4,FALSE
https://dataverse.harvard.edu/file.xhtml?fileId=4095313&version=1.0&toolType=PREVIEW,"Preview healthy2_EVLWmap.mp4""""",FALSE
https://dataverse.harvard.edu/dataset.xhtml?persistentId=doi:10.7910/DVN/LZSR8O#,MPEG-4 Video,FALSE
https://dataverse.harvard.edu/dataset.xhtml?persistentId=doi:10.7910/DVN/LZSR8O#,EndNote XML,FALSE
https://dataverse.harvard.edu/dataset.xhtml?persistentId=doi:10.7910/DVN/LZSR8O#,RIS,FALSE
https://dataverse.harvard.edu/dataset.xhtml?persistentId=doi:10.7910/DVN/LZSR8O#,BibTeX,FALSE
https://dataverse.harvard.edu/file.xhtml?fileId=4095043&version=1.0,healthy3.mat,FALSE
https://dataverse.harvard.edu/dataset.xhtml?persistentId=doi:10.7910/DVN/LZSR8O#,MATLAB Data,FALSE
https://dataverse.harvard.edu/dataset.xhtml?persistentId=doi:10.7910/DVN/LZSR8O#,EndNote XML,FALSE
https://dataverse.harvard.edu/dataset.xhtml?persistentId=doi:10.7910/DVN/LZSR8O#,RIS,FALSE
https://dataverse.harvard.edu/dataset.xhtml?persistentId=doi:10.7910/DVN/LZSR8O#,BibTeX,FALSE
https://dataverse.harvard.edu/file.xhtml?fileId=4095312&version=1.0,healthy3_EVLWmap.mp4,FALSE
https://dataverse.harvard.edu/file.xhtml?fileId=4095312&version=1.0&toolType=PREVIEW,"Preview healthy3_EVLWmap.mp4""""",FALSE
https://dataverse.harvard.edu/dataset.xhtml?persistentId=doi:10.7910/DVN/LZSR8O#,MPEG-4 Video,FALSE
https://dataverse.harvard.edu/dataset.xhtml?persistentId=doi:10.7910/DVN/LZSR8O#,EndNote XML,FALSE
https://dataverse.harvard.edu/dataset.xhtml?persistentId=doi:10.7910/DVN/LZSR8O#,RIS,FALSE
https://dataverse.harvard.edu/dataset.xhtml?persistentId=doi:10.7910/DVN/LZSR8O#,BibTeX,FALSE
https://dataverse.harvard.edu/file.xhtml?fileId=4095035&version=1.0,healthy4.mat,FALSE
https://dataverse.harvard.edu/dataset.xhtml?persistentId=doi:10.7910/DVN/LZSR8O#,MATLAB Data,FALSE
https://dataverse.harvard.edu/dataset.xhtml?persistentId=doi:10.7910/DVN/LZSR8O#,EndNote XML,FALSE
https://dataverse.harvard.edu/dataset.xhtml?persistentId=doi:10.7910/DVN/LZSR8O#,RIS,FALSE
https://dataverse.harvard.edu/dataset.xhtml?persistentId=doi:10.7910/DVN/LZSR8O#,BibTeX,FALSE
https://dataverse.harvard.edu/file.xhtml?fileId=4095303&version=1.0,healthy4_EVLWmap.mp4,FALSE
https://dataverse.harvard.edu/file.xhtml?fileId=4095303&version=1.0&toolType=PREVIEW,"Preview healthy4_EVLWmap.mp4""""",FALSE
https://dataverse.harvard.edu/dataset.xhtml?persistentId=doi:10.7910/DVN/LZSR8O#,MPEG-4 Video,FALSE
https://dataverse.harvard.edu/dataset.xhtml?persistentId=doi:10.7910/DVN/LZSR8O#,EndNote XML,FALSE
https://dataverse.harvard.edu/dataset.xhtml?persistentId=doi:10.7910/DVN/LZSR8O#,RIS,FALSE
https://dataverse.harvard.edu/dataset.xhtml?persistentId=doi:10.7910/DVN/LZSR8O#,BibTeX,FALSE
https://dataverse.harvard.edu/file.xhtml?fileId=4095039&version=1.0,healthy5.mat,FALSE
https://dataverse.harvard.edu/dataset.xhtml?persistentId=doi:10.7910/DVN/LZSR8O#,MATLAB Data,FALSE
https://dataverse.harvard.edu/dataset.xhtml?persistentId=doi:10.7910/DVN/LZSR8O#,EndNote XML,FALSE
https://dataverse.harvard.edu/dataset.xhtml?persistentId=doi:10.7910/DVN/LZSR8O#,RIS,FALSE
https://dataverse.harvard.edu/dataset.xhtml?persistentId=doi:10.7910/DVN/LZSR8O#,BibTeX,FALSE
https://dataverse.harvard.edu/file.xhtml?fileId=4095321&version=1.0,healthy5_EVLWmap.mp4,FALSE
https://dataverse.harvard.edu/file.xhtml?fileId=4095321&version=1.0&toolType=PREVIEW,"Preview healthy5_EVLWmap.mp4""""",FALSE
https://dataverse.harvard.edu/dataset.xhtml?persistentId=doi:10.7910/DVN/LZSR8O#,MPEG-4 Video,FALSE
https://dataverse.harvard.edu/dataset.xhtml?persistentId=doi:10.7910/DVN/LZSR8O#,EndNote XML,FALSE
https://dataverse.harvard.edu/dataset.xhtml?persistentId=doi:10.7910/DVN/LZSR8O#,RIS,FALSE
https://dataverse.harvard.edu/dataset.xhtml?persistentId=doi:10.7910/DVN/LZSR8O#,BibTeX,FALSE
https://dataverse.harvard.edu/file.xhtml?fileId=4095038&version=1.0,healthy6.mat,FALSE
https://dataverse.harvard.edu/dataset.xhtml?persistentId=doi:10.7910/DVN/LZSR8O#,MATLAB Data,FALSE
https://dataverse.harvard.edu/dataset.xhtml?persistentId=doi:10.7910/DVN/LZSR8O#,EndNote XML,FALSE
https://dataverse.harvard.edu/dataset.xhtml?persistentId=doi:10.7910/DVN/LZSR8O#,RIS,FALSE
https://dataverse.harvard.edu/dataset.xhtml?persistentId=doi:10.7910/DVN/LZSR8O#,BibTeX,FALSE
https://dataverse.harvard.edu/file.xhtml?fileId=4095314&version=1.0,healthy6_EVLWmap.mp4,FALSE
https://dataverse.harvard.edu/file.xhtml?fileId=4095314&version=1.0&toolType=PREVIEW,"Preview healthy6_EVLWmap.mp4""""",FALSE
https://dataverse.harvard.edu/dataset.xhtml?persistentId=doi:10.7910/DVN/LZSR8O#,MPEG-4 Video,FALSE
https://dataverse.harvard.edu/dataset.xhtml?persistentId=doi:10.7910/DVN/LZSR8O#,EndNote XML,FALSE
https://dataverse.harvard.edu/dataset.xhtml?persistentId=doi:10.7910/DVN/LZSR8O#,RIS,FALSE
https://dataverse.harvard.edu/dataset.xhtml?persistentId=doi:10.7910/DVN/LZSR8O#,BibTeX,FALSE
https://dataverse.harvard.edu/file.xhtml?fileId=4095041&version=1.0,healthy7.mat,FALSE
https://dataverse.harvard.edu/dataset.xhtml?persistentId=doi:10.7910/DVN/LZSR8O#,MATLAB Data,FALSE
https://dataverse.harvard.edu/dataset.xhtml?persistentId=doi:10.7910/DVN/LZSR8O#,EndNote XML,FALSE
https://dataverse.harvard.edu/dataset.xhtml?persistentId=doi:10.7910/DVN/LZSR8O#,RIS,FALSE
https://dataverse.harvard.edu/dataset.xhtml?persistentId=doi:10.7910/DVN/LZSR8O#,BibTeX,FALSE
https://dataverse.harvard.edu/file.xhtml?fileId=4095305&version=1.0,healthy7_EVLWmap.mp4,FALSE
https://dataverse.harvard.edu/file.xhtml?fileId=4095305&version=1.0&toolType=PREVIEW,"Preview healthy7_EVLWmap.mp4""""",FALSE
https://dataverse.harvard.edu/dataset.xhtml?persistentId=doi:10.7910/DVN/LZSR8O#,MPEG-4 Video,FALSE
https://dataverse.harvard.edu/dataset.xhtml?persistentId=doi:10.7910/DVN/LZSR8O#,EndNote XML,FALSE
https://dataverse.harvard.edu/dataset.xhtml?persistentId=doi:10.7910/DVN/LZSR8O#,RIS,FALSE
https://dataverse.harvard.edu/dataset.xhtml?persistentId=doi:10.7910/DVN/LZSR8O#,BibTeX,FALSE
https://dataverse.harvard.edu/file.xhtml?fileId=4095028&version=1.0,healthy8.mat,FALSE
https://dataverse.harvard.edu/dataset.xhtml?persistentId=doi:10.7910/DVN/LZSR8O#,MATLAB Data,FALSE
https://dataverse.harvard.edu/dataset.xhtml?persistentId=doi:10.7910/DVN/LZSR8O#,EndNote XML,FALSE
https://dataverse.harvard.edu/dataset.xhtml?persistentId=doi:10.7910/DVN/LZSR8O#,RIS,FALSE
https://dataverse.harvard.edu/dataset.xhtml?persistentId=doi:10.7910/DVN/LZSR8O#,BibTeX,FALSE
https://dataverse.harvard.edu/file.xhtml?fileId=4095311&version=1.0,healthy8_EVLWmap.mp4,FALSE
https://dataverse.harvard.edu/file.xhtml?fileId=4095311&version=1.0&toolType=PREVIEW,"Preview healthy8_EVLWmap.mp4""""",FALSE
https://dataverse.harvard.edu/dataset.xhtml?persistentId=doi:10.7910/DVN/LZSR8O#,MPEG-4 Video,FALSE
https://dataverse.harvard.edu/dataset.xhtml?persistentId=doi:10.7910/DVN/LZSR8O#,EndNote XML,FALSE
https://dataverse.harvard.edu/dataset.xhtml?persistentId=doi:10.7910/DVN/LZSR8O#,RIS,FALSE
https://dataverse.harvard.edu/dataset.xhtml?persistentId=doi:10.7910/DVN/LZSR8O#,BibTeX,FALSE
https://dataverse.harvard.edu/file.xhtml?fileId=4095046&version=1.0,healthy9.mat,FALSE
https://dataverse.harvard.edu/dataset.xhtml?persistentId=doi:10.7910/DVN/LZSR8O#,MATLAB Data,FALSE
https://dataverse.harvard.edu/dataset.xhtml?persistentId=doi:10.7910/DVN/LZSR8O#,EndNote XML,FALSE
https://dataverse.harvard.edu/dataset.xhtml?persistentId=doi:10.7910/DVN/LZSR8O#,RIS,FALSE
https://dataverse.harvard.edu/dataset.xhtml?persistentId=doi:10.7910/DVN/LZSR8O#,BibTeX,FALSE
https://dataverse.harvard.edu/file.xhtml?fileId=4095324&version=1.0,healthy9_EVLWmap.mp4,FALSE
https://dataverse.harvard.edu/file.xhtml?fileId=4095324&version=1.0&toolType=PREVIEW,"Preview healthy9_EVLWmap.mp4""""",FALSE
https://dataverse.harvard.edu/dataset.xhtml?persistentId=doi:10.7910/DVN/LZSR8O#,MPEG-4 Video,FALSE
https://dataverse.harvard.edu/dataset.xhtml?persistentId=doi:10.7910/DVN/LZSR8O#,EndNote XML,FALSE
https://dataverse.harvard.edu/dataset.xhtml?persistentId=doi:10.7910/DVN/LZSR8O#,RIS,FALSE
https://dataverse.harvard.edu/dataset.xhtml?persistentId=doi:10.7910/DVN/LZSR8O#,BibTeX,FALSE
https://dataverse.harvard.edu/file.xhtml?fileId=4095044&version=1.0,patient1.mat,FALSE
https://dataverse.harvard.edu/dataset.xhtml?persistentId=doi:10.7910/DVN/LZSR8O#,MATLAB Data,FALSE
https://dataverse.harvard.edu/dataset.xhtml?persistentId=doi:10.7910/DVN/LZSR8O#,EndNote XML,FALSE
https://dataverse.harvard.edu/dataset.xhtml?persistentId=doi:10.7910/DVN/LZSR8O#,RIS,FALSE
https://dataverse.harvard.edu/dataset.xhtml?persistentId=doi:10.7910/DVN/LZSR8O#,BibTeX,FALSE
https://dataverse.harvard.edu/file.xhtml?fileId=4095045&version=1.0,patient10.mat,FALSE
https://dataverse.harvard.edu/dataset.xhtml?persistentId=doi:10.7910/DVN/LZSR8O#,MATLAB Data,FALSE
https://dataverse.harvard.edu/dataset.xhtml?persistentId=doi:10.7910/DVN/LZSR8O#,EndNote XML,FALSE
https://dataverse.harvard.edu/dataset.xhtml?persistentId=doi:10.7910/DVN/LZSR8O#,RIS,FALSE
https://dataverse.harvard.edu/dataset.xhtml?persistentId=doi:10.7910/DVN/LZSR8O#,BibTeX,FALSE
https://dataverse.harvard.edu/file.xhtml?fileId=4095307&version=1.0,patient10_EVLWmap.mp4,FALSE
https://dataverse.harvard.edu/file.xhtml?fileId=4095307&version=1.0&toolType=PREVIEW,"Preview patient10_EVLWmap.mp4""""",FALSE
https://dataverse.harvard.edu/dataset.xhtml?persistentId=doi:10.7910/DVN/LZSR8O#,MPEG-4 Video,FALSE
https://dataverse.harvard.edu/dataset.xhtml?persistentId=doi:10.7910/DVN/LZSR8O#,EndNote XML,FALSE
https://dataverse.harvard.edu/dataset.xhtml?persistentId=doi:10.7910/DVN/LZSR8O#,RIS,FALSE
https://dataverse.harvard.edu/dataset.xhtml?persistentId=doi:10.7910/DVN/LZSR8O#,BibTeX,FALSE
https://dataverse.harvard.edu/file.xhtml?fileId=4095029&version=1.0,patient11.mat,FALSE
https://dataverse.harvard.edu/dataset.xhtml?persistentId=doi:10.7910/DVN/LZSR8O#,MATLAB Data,FALSE
https://dataverse.harvard.edu/dataset.xhtml?persistentId=doi:10.7910/DVN/LZSR8O#,EndNote XML,FALSE
https://dataverse.harvard.edu/dataset.xhtml?persistentId=doi:10.7910/DVN/LZSR8O#,RIS,FALSE
https://dataverse.harvard.edu/dataset.xhtml?persistentId=doi:10.7910/DVN/LZSR8O#,BibTeX,FALSE
https://dataverse.harvard.edu/file.xhtml?fileId=4095319&version=1.0,patient11_EVLWmap.mp4,FALSE
https://dataverse.harvard.edu/file.xhtml?fileId=4095319&version=1.0&toolType=PREVIEW,"Preview patient11_EVLWmap.mp4""""",FALSE
https://dataverse.harvard.edu/dataset.xhtml?persistentId=doi:10.7910/DVN/LZSR8O#,MPEG-4 Video,FALSE
https://dataverse.harvard.edu/dataset.xhtml?persistentId=doi:10.7910/DVN/LZSR8O#,EndNote XML,FALSE
https://dataverse.harvard.edu/dataset.xhtml?persistentId=doi:10.7910/DVN/LZSR8O#,RIS,FALSE
https://dataverse.harvard.edu/dataset.xhtml?persistentId=doi:10.7910/DVN/LZSR8O#,BibTeX,FALSE
https://dataverse.harvard.edu/file.xhtml?fileId=4095037&version=1.0,patient12.mat,FALSE
https://dataverse.harvard.edu/dataset.xhtml?persistentId=doi:10.7910/DVN/LZSR8O#,MATLAB Data,FALSE
https://dataverse.harvard.edu/dataset.xhtml?persistentId=doi:10.7910/DVN/LZSR8O#,EndNote XML,FALSE
https://dataverse.harvard.edu/dataset.xhtml?persistentId=doi:10.7910/DVN/LZSR8O#,RIS,FALSE
https://dataverse.harvard.edu/dataset.xhtml?persistentId=doi:10.7910/DVN/LZSR8O#,BibTeX,FALSE
https://dataverse.harvard.edu/file.xhtml?fileId=4095309&version=1.0,patient12_EVLWmap.mp4,FALSE
https://dataverse.harvard.edu/file.xhtml?fileId=4095309&version=1.0&toolType=PREVIEW,"Preview patient12_EVLWmap.mp4""""",FALSE
https://dataverse.harvard.edu/dataset.xhtml?persistentId=doi:10.7910/DVN/LZSR8O#,MPEG-4 Video,FALSE
https://dataverse.harvard.edu/dataset.xhtml?persistentId=doi:10.7910/DVN/LZSR8O#,EndNote XML,FALSE
https://dataverse.harvard.edu/dataset.xhtml?persistentId=doi:10.7910/DVN/LZSR8O#,RIS,FALSE
https://dataverse.harvard.edu/dataset.xhtml?persistentId=doi:10.7910/DVN/LZSR8O#,BibTeX,FALSE
https://dataverse.harvard.edu/file.xhtml?fileId=4095316&version=1.0,patient1_EVLWmap.mp4,FALSE
https://dataverse.harvard.edu/file.xhtml?fileId=4095316&version=1.0&toolType=PREVIEW,"Preview patient1_EVLWmap.mp4""""",FALSE
https://dataverse.harvard.edu/dataset.xhtml?persistentId=doi:10.7910/DVN/LZSR8O#,MPEG-4 Video,FALSE
https://dataverse.harvard.edu/dataset.xhtml?persistentId=doi:10.7910/DVN/LZSR8O#,EndNote XML,FALSE
https://dataverse.harvard.edu/dataset.xhtml?persistentId=doi:10.7910/DVN/LZSR8O#,RIS,FALSE
https://dataverse.harvard.edu/dataset.xhtml?persistentId=doi:10.7910/DVN/LZSR8O#,BibTeX,FALSE
https://dataverse.harvard.edu/file.xhtml?fileId=4095034&version=1.0,patient2.mat,FALSE
https://dataverse.harvard.edu/dataset.xhtml?persistentId=doi:10.7910/DVN/LZSR8O#,MATLAB Data,FALSE
https://dataverse.harvard.edu/dataset.xhtml?persistentId=doi:10.7910/DVN/LZSR8O#,EndNote XML,FALSE
https://dataverse.harvard.edu/dataset.xhtml?persistentId=doi:10.7910/DVN/LZSR8O#,RIS,FALSE
https://dataverse.harvard.edu/dataset.xhtml?persistentId=doi:10.7910/DVN/LZSR8O#,BibTeX,FALSE
https://dataverse.harvard.edu/file.xhtml?fileId=4095304&version=1.0,patient2_EVLWmap.mp4,FALSE
https://dataverse.harvard.edu/file.xhtml?fileId=4095304&version=1.0&toolType=PREVIEW,"Preview patient2_EVLWmap.mp4""""",FALSE
https://dataverse.harvard.edu/dataset.xhtml?persistentId=doi:10.7910/DVN/LZSR8O#,MPEG-4 Video,FALSE
https://dataverse.harvard.edu/dataset.xhtml?persistentId=doi:10.7910/DVN/LZSR8O#,EndNote XML,FALSE
https://dataverse.harvard.edu/dataset.xhtml?persistentId=doi:10.7910/DVN/LZSR8O#,RIS,FALSE
https://dataverse.harvard.edu/dataset.xhtml?persistentId=doi:10.7910/DVN/LZSR8O#,BibTeX,FALSE
https://dataverse.harvard.edu/file.xhtml?fileId=4095030&version=1.0,patient3.mat,FALSE
https://dataverse.harvard.edu/dataset.xhtml?persistentId=doi:10.7910/DVN/LZSR8O#,MATLAB Data,FALSE
https://dataverse.harvard.edu/dataset.xhtml?persistentId=doi:10.7910/DVN/LZSR8O#,EndNote XML,FALSE
https://dataverse.harvard.edu/dataset.xhtml?persistentId=doi:10.7910/DVN/LZSR8O#,RIS,FALSE
https://dataverse.harvard.edu/dataset.xhtml?persistentId=doi:10.7910/DVN/LZSR8O#,BibTeX,FALSE
https://dataverse.harvard.edu/file.xhtml?fileId=4095318&version=1.0,patient3_EVLWmap.mp4,FALSE
https://dataverse.harvard.edu/file.xhtml?fileId=4095318&version=1.0&toolType=PREVIEW,"Preview patient3_EVLWmap.mp4""""",FALSE
https://dataverse.harvard.edu/dataset.xhtml?persistentId=doi:10.7910/DVN/LZSR8O#,MPEG-4 Video,FALSE
https://dataverse.harvard.edu/dataset.xhtml?persistentId=doi:10.7910/DVN/LZSR8O#,EndNote XML,FALSE
https://dataverse.harvard.edu/dataset.xhtml?persistentId=doi:10.7910/DVN/LZSR8O#,RIS,FALSE
https://dataverse.harvard.edu/dataset.xhtml?persistentId=doi:10.7910/DVN/LZSR8O#,BibTeX,FALSE
https://dataverse.harvard.edu/file.xhtml?fileId=4095040&version=1.0,patient4.mat,FALSE
https://dataverse.harvard.edu/dataset.xhtml?persistentId=doi:10.7910/DVN/LZSR8O#,MATLAB Data,FALSE
https://dataverse.harvard.edu/dataset.xhtml?persistentId=doi:10.7910/DVN/LZSR8O#,EndNote XML,FALSE
https://dataverse.harvard.edu/dataset.xhtml?persistentId=doi:10.7910/DVN/LZSR8O#,RIS,FALSE
https://dataverse.harvard.edu/dataset.xhtml?persistentId=doi:10.7910/DVN/LZSR8O#,BibTeX,FALSE
https://dataverse.harvard.edu/file.xhtml?fileId=4095325&version=1.0,patient4_EVLWmap.mp4,FALSE
https://dataverse.harvard.edu/file.xhtml?fileId=4095325&version=1.0&toolType=PREVIEW,"Preview patient4_EVLWmap.mp4""""",FALSE
https://dataverse.harvard.edu/dataset.xhtml?persistentId=doi:10.7910/DVN/LZSR8O#,MPEG-4 Video,FALSE
https://dataverse.harvard.edu/dataset.xhtml?persistentId=doi:10.7910/DVN/LZSR8O#,EndNote XML,FALSE
https://dataverse.harvard.edu/dataset.xhtml?persistentId=doi:10.7910/DVN/LZSR8O#,RIS,FALSE
https://dataverse.harvard.edu/dataset.xhtml?persistentId=doi:10.7910/DVN/LZSR8O#,BibTeX,FALSE
https://dataverse.harvard.edu/file.xhtml?fileId=4095026&version=1.0,patient5.mat,FALSE
https://dataverse.harvard.edu/dataset.xhtml?persistentId=doi:10.7910/DVN/LZSR8O#,MATLAB Data,FALSE
https://dataverse.harvard.edu/dataset.xhtml?persistentId=doi:10.7910/DVN/LZSR8O#,EndNote XML,FALSE
https://dataverse.harvard.edu/dataset.xhtml?persistentId=doi:10.7910/DVN/LZSR8O#,RIS,FALSE
https://dataverse.harvard.edu/dataset.xhtml?persistentId=doi:10.7910/DVN/LZSR8O#,BibTeX,FALSE
https://dataverse.harvard.edu/file.xhtml?fileId=4095308&version=1.0,patient5_EVLWmap.mp4,FALSE
https://dataverse.harvard.edu/file.xhtml?fileId=4095308&version=1.0&toolType=PREVIEW,"Preview patient5_EVLWmap.mp4""""",FALSE
https://dataverse.harvard.edu/dataset.xhtml?persistentId=doi:10.7910/DVN/LZSR8O#,MPEG-4 Video,FALSE
https://dataverse.harvard.edu/dataset.xhtml?persistentId=doi:10.7910/DVN/LZSR8O#,EndNote XML,FALSE
https://dataverse.harvard.edu/dataset.xhtml?persistentId=doi:10.7910/DVN/LZSR8O#,RIS,FALSE
https://dataverse.harvard.edu/dataset.xhtml?persistentId=doi:10.7910/DVN/LZSR8O#,BibTeX,FALSE
https://dataverse.harvard.edu/file.xhtml?fileId=4095033&version=1.0,patient6.mat,FALSE
https://dataverse.harvard.edu/dataset.xhtml?persistentId=doi:10.7910/DVN/LZSR8O#,MATLAB Data,FALSE
https://dataverse.harvard.edu/dataset.xhtml?persistentId=doi:10.7910/DVN/LZSR8O#,EndNote XML,FALSE
https://dataverse.harvard.edu/dataset.xhtml?persistentId=doi:10.7910/DVN/LZSR8O#,RIS,FALSE
https://dataverse.harvard.edu/dataset.xhtml?persistentId=doi:10.7910/DVN/LZSR8O#,BibTeX,FALSE
https://dataverse.harvard.edu/file.xhtml?fileId=4095306&version=1.0,patient6_EVLWmap.mp4,FALSE
https://dataverse.harvard.edu/file.xhtml?fileId=4095306&version=1.0&toolType=PREVIEW,"Preview patient6_EVLWmap.mp4""""",FALSE
https://dataverse.harvard.edu/dataset.xhtml?persistentId=doi:10.7910/DVN/LZSR8O#,MPEG-4 Video,FALSE
https://dataverse.harvard.edu/dataset.xhtml?persistentId=doi:10.7910/DVN/LZSR8O#,EndNote XML,FALSE
https://dataverse.harvard.edu/dataset.xhtml?persistentId=doi:10.7910/DVN/LZSR8O#,RIS,FALSE
https://dataverse.harvard.edu/dataset.xhtml?persistentId=doi:10.7910/DVN/LZSR8O#,BibTeX,FALSE
https://dataverse.harvard.edu/file.xhtml?fileId=4095032&version=1.0,patient7.mat,FALSE
https://dataverse.harvard.edu/dataset.xhtml?persistentId=doi:10.7910/DVN/LZSR8O#,MATLAB Data,FALSE
https://dataverse.harvard.edu/dataset.xhtml?persistentId=doi:10.7910/DVN/LZSR8O#,EndNote XML,FALSE
https://dataverse.harvard.edu/dataset.xhtml?persistentId=doi:10.7910/DVN/LZSR8O#,RIS,FALSE
https://dataverse.harvard.edu/dataset.xhtml?persistentId=doi:10.7910/DVN/LZSR8O#,BibTeX,FALSE
https://dataverse.harvard.edu/file.xhtml?fileId=4095315&version=1.0,patient7_EVLWmap.mp4,FALSE
https://dataverse.harvard.edu/file.xhtml?fileId=4095315&version=1.0&toolType=PREVIEW,"Preview patient7_EVLWmap.mp4""""",FALSE
https://dataverse.harvard.edu/dataset.xhtml?persistentId=doi:10.7910/DVN/LZSR8O#,MPEG-4 Video,FALSE
https://dataverse.harvard.edu/dataset.xhtml?persistentId=doi:10.7910/DVN/LZSR8O#,EndNote XML,FALSE
https://dataverse.harvard.edu/dataset.xhtml?persistentId=doi:10.7910/DVN/LZSR8O#,RIS,FALSE
https://dataverse.harvard.edu/dataset.xhtml?persistentId=doi:10.7910/DVN/LZSR8O#,BibTeX,FALSE
https://dataverse.harvard.edu/file.xhtml?fileId=4095036&version=1.0,patient8.mat,FALSE
https://dataverse.harvard.edu/dataset.xhtml?persistentId=doi:10.7910/DVN/LZSR8O#,MATLAB Data,FALSE
https://dataverse.harvard.edu/dataset.xhtml?persistentId=doi:10.7910/DVN/LZSR8O#,EndNote XML,FALSE
https://dataverse.harvard.edu/dataset.xhtml?persistentId=doi:10.7910/DVN/LZSR8O#,RIS,FALSE
https://dataverse.harvard.edu/dataset.xhtml?persistentId=doi:10.7910/DVN/LZSR8O#,BibTeX,FALSE
https://dataverse.harvard.edu/file.xhtml?fileId=4095310&version=1.0,patient8_EVLWmap.mp4,FALSE
https://dataverse.harvard.edu/file.xhtml?fileId=4095310&version=1.0&toolType=PREVIEW,"Preview patient8_EVLWmap.mp4""""",FALSE
https://dataverse.harvard.edu/dataset.xhtml?persistentId=doi:10.7910/DVN/LZSR8O#,MPEG-4 Video,FALSE
https://dataverse.harvard.edu/dataset.xhtml?persistentId=doi:10.7910/DVN/LZSR8O#,EndNote XML,FALSE
https://dataverse.harvard.edu/dataset.xhtml?persistentId=doi:10.7910/DVN/LZSR8O#,RIS,FALSE
https://dataverse.harvard.edu/dataset.xhtml?persistentId=doi:10.7910/DVN/LZSR8O#,BibTeX,FALSE
https://dataverse.harvard.edu/file.xhtml?fileId=4095025&version=1.0,patient9.mat,FALSE
https://dataverse.harvard.edu/dataset.xhtml?persistentId=doi:10.7910/DVN/LZSR8O#,MATLAB Data,FALSE
https://dataverse.harvard.edu/dataset.xhtml?persistentId=doi:10.7910/DVN/LZSR8O#,EndNote XML,FALSE
https://dataverse.harvard.edu/dataset.xhtml?persistentId=doi:10.7910/DVN/LZSR8O#,RIS,FALSE
https://dataverse.harvard.edu/dataset.xhtml?persistentId=doi:10.7910/DVN/LZSR8O#,BibTeX,FALSE
https://dataverse.harvard.edu/file.xhtml?fileId=4095323&version=1.0,patient9_EVLWmap.mp4,FALSE
https://dataverse.harvard.edu/file.xhtml?fileId=4095323&version=1.0&toolType=PREVIEW,"Preview patient9_EVLWmap.mp4""""",FALSE
https://dataverse.harvard.edu/dataset.xhtml?persistentId=doi:10.7910/DVN/LZSR8O#,MPEG-4 Video,FALSE
https://dataverse.harvard.edu/dataset.xhtml?persistentId=doi:10.7910/DVN/LZSR8O#,EndNote XML,FALSE
https://dataverse.harvard.edu/dataset.xhtml?persistentId=doi:10.7910/DVN/LZSR8O#,RIS,FALSE
https://dataverse.harvard.edu/dataset.xhtml?persistentId=doi:10.7910/DVN/LZSR8O#,BibTeX,FALSE
https://dataverse.harvard.edu/dataset.xhtml?persistentId=doi:10.7910/DVN/LZSR8O#,F,FALSE
https://dataverse.harvard.edu/dataset.xhtml?persistentId=doi:10.7910/DVN/LZSR8O#,P,FALSE
https://dataverse.harvard.edu/dataset.xhtml?persistentId=doi:10.7910/DVN/LZSR8O#,1,FALSE
https://dataverse.harvard.edu/dataset.xhtml?persistentId=doi:10.7910/DVN/LZSR8O#,N,FALSE
https://dataverse.harvard.edu/dataset.xhtml?persistentId=doi:10.7910/DVN/LZSR8O#,E,FALSE
https://dataverse.harvard.edu/api/datasets/export?exporter=OAI_ORE&persistentId=doi%3A10.7910/DVN/LZSR8O,OAI_ORE,FALSE
https://dataverse.harvard.edu/api/datasets/export?exporter=Datacite&persistentId=doi%3A10.7910/DVN/LZSR8O,DataCite,FALSE
https://dataverse.harvard.edu/api/datasets/export?exporter=oai_datacite&persistentId=doi%3A10.7910/DVN/LZSR8O,OpenAIRE,FALSE
https://dataverse.harvard.edu/api/datasets/export?exporter=schema.org&persistentId=doi%3A10.7910/DVN/LZSR8O,Schema.org JSON-LD,FALSE
https://dataverse.harvard.edu/api/datasets/export?exporter=ddi&persistentId=doi%3A10.7910/DVN/LZSR8O,DDI,FALSE
https://dataverse.harvard.edu/api/datasets/export?exporter=dcterms&persistentId=doi%3A10.7910/DVN/LZSR8O,Dublin Core,FALSE
https://dataverse.harvard.edu/api/datasets/export?exporter=html&persistentId=doi%3A10.7910/DVN/LZSR8O,DDI HTML Codebook,FALSE
https://dataverse.harvard.edu/api/datasets/export?exporter=dataverse_json&persistentId=doi%3A10.7910/DVN/LZSR8O,JSON,FALSE
https://dataverse.org/best-practices/dataverse-community-norms,Community Norms,TRUE
http://creativecommons.org/publicdomain/zero/1.0,CC0 1.0,TRUE
https://dataverse.harvard.edu/dataset.xhtml?persistentId=doi:10.7910/DVN/LZSR8O#,,FALSE
https://dataverse.harvard.edu/dataset.xhtml?persistentId=doi:10.7910/DVN/LZSR8O#,,FALSE
https://guides.dataverse.org/en/6.2/user/dataset-management.html#restricted-files-terms-of-access,User Guide,TRUE
https://dataverse.harvard.edu/dataset.xhtml?persistentId=doi:10.7910/DVN/LZSR8O#,Save Changes,FALSE
https://dataverse.harvard.edu/dataset.xhtml?persistentId=doi:10.7910/DVN/LZSR8O#,,FALSE
https://dataverse.harvard.edu/dataset.xhtml?persistentId=doi:10.7910/DVN/LZSR8O#,,FALSE
https://dataverse.harvard.edu/dataset.xhtml?persistentId=doi:10.7910/DVN/LZSR8O#,,FALSE
https://dataverse.harvard.edu/dataset.xhtml?persistentId=doi:10.7910/DVN/LZSR8O#,,FALSE
https://dataverse.harvard.edu/dataset.xhtml?persistentId=doi:10.7910/DVN/LZSR8O#,,FALSE
https://dataverse.harvard.edu/dataset.xhtml?persistentId=doi:10.7910/DVN/LZSR8O#,,FALSE
https://dataverse.harvard.edu/dataset.xhtml?persistentId=doi:10.7910/DVN/LZSR8O#,,FALSE
https://dataverse.harvard.edu/dataset.xhtml?persistentId=doi:10.7910/DVN/LZSR8O#,,FALSE
https://dataverse.harvard.edu/dataset.xhtml?persistentId=doi:10.7910/DVN/LZSR8O#,,FALSE
https://dataverse.harvard.edu/dataset.xhtml?persistentId=doi:10.7910/DVN/LZSR8O#,Continue,FALSE
https://dataverse.harvard.edu/dataset.xhtml?persistentId=doi:10.7910/DVN/LZSR8O#,,FALSE
https://guides.dataverse.org/en/6.2/user/dataset-management.html#dataset-metrics-and-make-data-count,User Guide,TRUE
https://dataverse.harvard.edu/dataset.xhtml?persistentId=doi:10.7910/DVN/LZSR8O#,,FALSE
https://dataverse.harvard.edu/dataset.xhtml?persistentId=doi:10.7910/DVN/LZSR8O#,,FALSE
https://dataverse.harvard.edu/dataset.xhtml?persistentId=doi:10.7910/DVN/LZSR8O#,,FALSE
https://guides.dataverse.org/en/6.2/api/dataaccess.html,Data Access API,TRUE
https://dataverse.harvard.edu/dataset.xhtml?persistentId=doi:10.7910/DVN/LZSR8O#,,FALSE
https://dataverse.harvard.edu/dataset.xhtml?persistentId=doi:10.7910/DVN/LZSR8O#,,FALSE
https://dataverse.harvard.edu/dataset.xhtml?persistentId=doi:10.7910/DVN/LZSR8O#,,FALSE
https://dataverse.harvard.edu/dataset.xhtml?persistentId=doi:10.7910/DVN/LZSR8O#,,FALSE
https://dataverse.harvard.edu/dataset.xhtml?persistentId=doi:10.7910/DVN/LZSR8O#,,FALSE
https://dataverse.harvard.edu/dataset.xhtml?persistentId=doi:10.7910/DVN/LZSR8O#,,FALSE
https://dataverse.harvard.edu/dataset.xhtml?persistentId=doi:10.7910/DVN/LZSR8O#,,FALSE
https://dataverse.harvard.edu/dataset.xhtml?persistentId=doi:10.7910/DVN/LZSR8O#,,FALSE
https://dataverse.harvard.edu/dataset.xhtml?persistentId=doi:10.7910/DVN/LZSR8O#,,FALSE
https://dataverse.harvard.edu/dataset.xhtml?persistentId=doi:10.7910/DVN/LZSR8O#,,FALSE
https://dataverse.harvard.edu/dataset.xhtml?persistentId=doi:10.7910/DVN/LZSR8O#,,FALSE
https://dataverse.harvard.edu/dataset.xhtml?persistentId=doi:10.7910/DVN/LZSR8O#,,FALSE
https://dataverse.harvard.edu/dataset.xhtml?persistentId=doi:10.7910/DVN/LZSR8O#,,FALSE
https://dataverse.harvard.edu/dataset.xhtml?persistentId=doi:10.7910/DVN/LZSR8O#,,FALSE
https://dataverse.harvard.edu/dataset.xhtml?persistentId=doi:10.7910/DVN/LZSR8O#,,FALSE
https://dataverse.harvard.edu/dataset.xhtml?persistentId=doi:10.7910/DVN/LZSR8O#,,FALSE
https://dataverse.harvard.edu/dataverseuser.xhtml?editMode=CREATE&redirectPage=%2Fdataset.xhtml%3FpersistentId%3Ddoi%3A10.7910%2FDVN%2FLZSR8O,Sign Up,FALSE
https://dataverse.harvard.edu/loginpage.xhtml?redirectPage=%2Fdataset.xhtml%3FpersistentId%3Ddoi%3A10.7910%2FDVN%2FLZSR8O,Log In,FALSE
https://dataverse.harvard.edu/dataset.xhtml?persistentId=doi:10.7910/DVN/LZSR8O#,,FALSE
https://dataverse.org/best-practices/dataverse-community-norms,Community Norms,TRUE
http://creativecommons.org/publicdomain/zero/1.0,CC0 1.0,TRUE
https://dataverse.harvard.edu/dataset.xhtml?persistentId=doi:10.7910/DVN/LZSR8O#,,FALSE
https://dataverse.harvard.edu/dataset.xhtml?persistentId=doi:10.7910/DVN/LZSR8O#,,FALSE
https://guides.dataverse.org/en/6.2/user/find-use-data.html#downloading-a-dataverse-package-via-url,User Guide - Downloading a Dataverse Package via URL,TRUE
https://dataverse.harvard.edu/dataset.xhtml?persistentId=doi:10.7910/DVN/LZSR8O#,,FALSE
https://dataverse.harvard.edu/dataset.xhtml?persistentId=doi:10.7910/DVN/LZSR8O,Compute Batch,FALSE
https://dataverse.harvard.edu/dataset.xhtml?persistentId=doi:10.7910/DVN/LZSR8O#,,FALSE
https://dataverse.harvard.edu/dataset.xhtml?persistentId=doi:10.7910/DVN/LZSR8O#,,FALSE
http://creativecommons.org/choose/zero/,here,TRUE
https://dataverse.harvard.edu/dataset.xhtml?persistentId=doi:10.7910/DVN/LZSR8O#,,FALSE
https://dataverse.harvard.edu/dataverse.xhtml?alias=cardiacmr,Cardiac MR Center Dataverse,FALSE
https://dataverse.harvard.edu/dataset.xhtml?persistentId=doi:10.7910/DVN/LZSR8O#,,FALSE
https://dataverse.harvard.edu/dataverse/cardiacmr,Cardiac MR Center Dataverse,FALSE
https://dataverse.harvard.edu/dataverse/harvard,Harvard Dataverse,FALSE
https://dataverse.harvard.edu/dataset.xhtml?persistentId=doi:10.7910/DVN/LZSR8O#,,FALSE
https://support.dataverse.harvard.edu/harvard-dataverse-privacy-policy,Privacy Policy,TRUE
http://dataverse.org/,,TRUE
https://datacite.org/service-providers,".cls-1{fill:#243b53;}.cls-2{fill:#fff;}.cls-3{fill:#00b1e2;}
DataCite-Logo",TRUE
https://goo.gl/forms/p7uu3GfiWYSlJrsi1,Feedback,TRUE
https://dataverse.harvard.edu/dataset.xhtml?persistentId=doi:10.7910/DVN/LZSR8O#,,FALSE